controller,scenario,lateral_rmse_m,constraint_violations,median_solve_time_ms,p99_solve_time_ms
pure-pursuit,nominal,0.20645548702010427,0,0.0,0.0
pure-pursuit,low friction,0.20645548702010427,0,0.0,0.0
pure-pursuit,200 ms latency,0.21756041715163532,0,0.0,0.0
lqr,nominal,0.22032599128024324,0,0.0,0.0
lqr,low friction,0.22032599128024324,0,0.0,0.0
lqr,200 ms latency,1.0397846305881213,12,0.0,0.0
mpc,nominal,0.3219890466686469,0,14.6096875,24.663309359999996
mpc,low friction,0.26100281304966777,0,15.108188,21.317543609999994
mpc,200 ms latency,2.603315010691837,45,8.0320205,33.87533445999986
